{
  "rows": [
    {
      "count": 102,
      "distinct_hashes": 102,
      "exact_like_indicator_rate": 0.7450980392156863,
      "false_like_indicator_rate": 0.1568627450980392,
      "lambda": "144",
      "lambda_distribution": {
        "144": 102
      },
      "local_dynamics_distribution": {
        "D1-1.5_P80_K0.9-1_Q<10": 5,
        "D1-1.5_P8low_K0.9-1_Q<10": 6,
        "D1-1.5_P8mid_K0.9-1_Q<10": 5,
        "D<1_P8high_K>1_Q<10": 23,
        "D<1_P8low_K>1_Q<10": 5,
        "D<1_P8mid_K>1_Q<10": 48,
        "D=1_P8low_K0.9-1_Q<10": 2,
        "D=1_P8mid_K0.9-1_Q<10": 8
      },
      "median_D_min_ratio": 0.9423076923076923,
      "median_InitHardness": -20372.690909091383,
      "median_P_16": 0.11666666666666667,
      "median_P_32": 0.475,
      "median_P_4": 0.03333333333333333,
      "median_P_8": 0.05416666666666667,
      "median_P_thetaS_001": 0.025,
      "median_P_thetaS_005": 0.05416666666666667,
      "median_P_thetaS_010": 0.16249999999999998,
      "median_Q_ratio": 0.1231379767435756,
      "median_kappa_max": 1.1,
      "median_kappa_q90": 0.8830369357045144,
      "median_kappa_q99": 1.0,
      "median_max_abs_rho": 3.0,
      "median_score": 212.0,
      "median_score_per_p": 1.2694610778443114,
      "median_support_fraction": 0.6265060240963856,
      "median_support_pair_count": 52.0,
      "method_distribution": {
        "beam": 3,
        "coherent_multiswap": 55,
        "escapability_aware": 20,
        "filtered_2swap": 12,
        "ilp": 9,
        "seed": 3
      },
      "rho_value_pattern_distribution": {
        "+pairs11_ -pairs16_ other16": 1,
        "+pairs11_ -pairs20_ other13": 1,
        "+pairs12_ -pairs18_ other19": 1,
        "+pairs12_ -pairs19_ other13": 1,
        "+pairs13_ -pairs11_ other19": 1,
        "+pairs13_ -pairs12_ other16": 1,
        "+pairs13_ -pairs13_ other17": 1,
        "+pairs13_ -pairs17_ other16": 1,
        "+pairs13_ -pairs19_ other16": 1,
        "+pairs13_ -pairs20_ other19": 1,
        "+pairs14_ -pairs14_ other16": 1,
        "+pairs14_ -pairs16_ other14": 1,
        "+pairs14_ -pairs25_ other14": 1,
        "+pairs15_ -pairs14_ other17": 1,
        "+pairs15_ -pairs14_ other18": 1,
        "+pairs15_ -pairs18_ other17": 1,
        "+pairs15_ -pairs23_ other13": 1,
        "+pairs15_ -pairs24_ other8": 1,
        "+pairs16_ -pairs10_ other17": 1,
        "+pairs16_ -pairs12_ other18": 1,
        "+pairs16_ -pairs14_ other17": 1,
        "+pairs16_ -pairs14_ other19": 1,
        "+pairs16_ -pairs15_ other13": 1,
        "+pairs16_ -pairs16_ other13": 1,
        "+pairs16_ -pairs16_ other15": 1,
        "+pairs17_ -pairs15_ other15": 1,
        "+pairs17_ -pairs19_ other13": 1,
        "+pairs17_ -pairs21_ other16": 1,
        "+pairs18_ -pairs13_ other16": 1,
        "+pairs18_ -pairs15_ other10": 1,
        "+pairs18_ -pairs16_ other17": 1,
        "+pairs18_ -pairs17_ other15": 1,
        "+pairs18_ -pairs17_ other16": 1,
        "+pairs18_ -pairs18_ other12": 1,
        "+pairs18_ -pairs19_ other14": 1,
        "+pairs18_ -pairs20_ other17": 1,
        "+pairs18_ -pairs21_ other18": 1,
        "+pairs18_ -pairs22_ other18": 1,
        "+pairs18_ -pairs26_ other12": 1,
        "+pairs18_ -pairs26_ other16": 1,
        "+pairs19_ -pairs15_ other12": 1,
        "+pairs19_ -pairs19_ other16": 2,
        "+pairs19_ -pairs19_ other18": 1,
        "+pairs19_ -pairs20_ other10": 2,
        "+pairs19_ -pairs21_ other17": 1,
        "+pairs19_ -pairs22_ other12": 1,
        "+pairs19_ -pairs22_ other13": 1,
        "+pairs19_ -pairs24_ other13": 1,
        "+pairs19_ -pairs25_ other10": 1,
        "+pairs19_ -pairs25_ other13": 1,
        "+pairs19_ -pairs25_ other15": 2,
        "+pairs19_ -pairs25_ other17": 1,
        "+pairs19_ -pairs9_ other19": 1,
        "+pairs20_ -pairs12_ other13": 1,
        "+pairs20_ -pairs16_ other18": 1,
        "+pairs20_ -pairs19_ other11": 1,
        "+pairs20_ -pairs20_ other8": 1,
        "+pairs20_ -pairs22_ other17": 1,
        "+pairs20_ -pairs24_ other16": 1,
        "+pairs20_ -pairs26_ other14": 1,
        "+pairs21_ -pairs11_ other15": 1,
        "+pairs21_ -pairs15_ other15": 1,
        "+pairs21_ -pairs16_ other13": 1,
        "+pairs21_ -pairs16_ other15": 1,
        "+pairs21_ -pairs17_ other18": 1,
        "+pairs21_ -pairs18_ other11": 1,
        "+pairs21_ -pairs18_ other14": 1,
        "+pairs21_ -pairs19_ other15": 1,
        "+pairs21_ -pairs19_ other17": 2,
        "+pairs21_ -pairs20_ other9": 1,
        "+pairs21_ -pairs24_ other10": 1,
        "+pairs22_ -pairs16_ other12": 1,
        "+pairs22_ -pairs16_ other19": 1,
        "+pairs22_ -pairs17_ other15": 1,
        "+pairs22_ -pairs18_ other16": 1,
        "+pairs22_ -pairs19_ other11": 2,
        "+pairs22_ -pairs19_ other15": 1,
        "+pairs22_ -pairs20_ other15": 1,
        "+pairs22_ -pairs21_ other16": 1,
        "+pairs22_ -pairs22_ other13": 1,
        "+pairs23_ -pairs15_ other14": 1,
        "+pairs23_ -pairs19_ other14": 2,
        "+pairs23_ -pairs19_ other16": 1,
        "+pairs23_ -pairs21_ other11": 1,
        "+pairs24_ -pairs12_ other14": 1,
        "+pairs24_ -pairs14_ other19": 1,
        "+pairs24_ -pairs16_ other16": 1,
        "+pairs24_ -pairs16_ other18": 1,
        "+pairs24_ -pairs17_ other9": 1,
        "+pairs24_ -pairs21_ other13": 1,
        "+pairs24_ -pairs22_ other13": 1,
        "+pairs24_ -pairs24_ other12": 1,
        "+pairs25_ -pairs11_ other15": 1,
        "+pairs27_ -pairs14_ other17": 1,
        "+pairs28_ -pairs14_ other17": 1,
        "+pairs8_ -pairs23_ other13": 1
      },
      "score_distribution": {
        "164": 3,
        "168": 2,
        "176": 4,
        "180": 2,
        "184": 1,
        "188": 1,
        "192": 4,
        "196": 6,
        "200": 7,
        "204": 9,
        "208": 9,
        "212": 9,
        "216": 10,
        "220": 9,
        "224": 9,
        "228": 9,
        "232": 8
      },
      "tuple": "73,78,79,81",
      "tuple_distribution": {
        "73,78,79,81": 102
      }
    },
    {
      "count": 11,
      "distinct_hashes": 11,
      "exact_like_indicator_rate": 0.45454545454545453,
      "false_like_indicator_rate": 0.45454545454545453,
      "lambda": "148",
      "lambda_distribution": {
        "148": 11
      },
      "local_dynamics_distribution": {
        "D1-1.5_P80_K0.9-1_Q<10": 2,
        "D1-1.5_P8low_K0.9-1_Q<10": 3,
        "D<1_P8mid_K>1_Q<10": 5,
        "D=1_P8low_K0.9-1_Q<10": 1
      },
      "median_D_min_ratio": 1.0,
      "median_InitHardness": -24594.327272728086,
      "median_P_16": 0.041666666666666664,
      "median_P_32": 0.21666666666666667,
      "median_P_4": 0.008333333333333333,
      "median_P_8": 0.016666666666666666,
      "median_P_thetaS_001": 0.008333333333333333,
      "median_P_thetaS_005": 0.016666666666666666,
      "median_P_thetaS_010": 0.041666666666666664,
      "median_Q_ratio": 0.14076071728775566,
      "median_kappa_max": 1.0,
      "median_kappa_q90": 0.8157894736842105,
      "median_kappa_q99": 0.926829268292683,
      "median_max_abs_rho": 3.0,
      "median_score": 184.0,
      "median_score_per_p": 1.1017964071856288,
      "median_support_fraction": 0.5903614457831325,
      "median_support_pair_count": 49.0,
      "method_distribution": {
        "beam": 1,
        "ilp": 7,
        "seed": 2,
        "steepest": 1
      },
      "rho_value_pattern_distribution": {
        "+pairs12_ -pairs14_ other14": 1,
        "+pairs12_ -pairs20_ other20": 1,
        "+pairs13_ -pairs19_ other13": 1,
        "+pairs14_ -pairs11_ other16": 1,
        "+pairs15_ -pairs16_ other15": 1,
        "+pairs16_ -pairs25_ other10": 1,
        "+pairs17_ -pairs22_ other10": 1,
        "+pairs18_ -pairs19_ other12": 1,
        "+pairs19_ -pairs14_ other13": 1,
        "+pairs20_ -pairs22_ other11": 1,
        "+pairs23_ -pairs13_ other16": 1
      },
      "score_distribution": {
        "168": 1,
        "172": 2,
        "180": 2,