{
  "rows": [
    {
      "D_min_ratio": 1.048780487804878,
      "InitHardness": -19190.690909091383,
      "P_16": 0.025,
      "P_32": 0.11666666666666667,
      "P_4": 0.0,
      "P_8": 0.008333333333333333,
      "P_<0": 0.0,
      "P_thetaS_001": 0.0,
      "P_thetaS_005": 0.008333333333333333,
      "P_thetaS_010": 0.025,
      "Q_ratio": 0.15063914193358802,
      "canonical_hash": "b12e083a5728a7130b4014bf72d6804a35da268722e3a6577849d2979c1655d0",
      "exact_like_signature": false,
      "false_like_signature": true,
      "h_min": 8,
      "kappa_max": 0.9354838709677419,
      "kappa_q90": 0.7560975609756098,
      "kappa_q99": 0.9,
      "lambda": 144,
      "max_abs_rho": 3,
      "orbit_normalized_pattern": "1=-1;2=-1;3=-1;4=1;5=-1;6=1;7=-1;10=-1;11=1;13=-1;14=1;15=-1;18=2;20=2;23=1;24=1;25=-2;28=1;29=-1;31=1;33=-1;36=2;37=-1;39=1;40=-1;42=-1;47=-1;48=-1;49=-1;50=-1;52=-1;53=-1;54=1;55=1;57=-1;58=2;59=-1;61=-2;62=1;63=-1;64=1;66=1;67=-2;71=-1;73=-1;74=1;75=3;81=2;82=1;83=1",
      "rho_value_pattern": "+pairs24_ -pairs17_ other9",
      "score": 164,
      "score_per_p": 0.9820359281437125,
      "seed": null,
      "source_file": "outputs/candidates/near_hits/frontier/near_hit_v167_score164_beam_two_swap_repair_round2.json",
      "source_method": "beam",
      "support_fraction": 0.6024096385542169,
      "support_pair_count": 50,
      "tuple": "73,78,79,81"
    },
    {
      "D_min_ratio": 1.0731707317073171,
      "InitHardness": -14314.690909091383,
      "P_16": 0.016666666666666666,
      "P_32": 0.075,
      "P_4": 0.0,
      "P_8": 0.0,
      "P_<0": 0.0,
      "P_thetaS_001": 0.0,
      "P_thetaS_005": 0.0,
      "P_thetaS_010": 0.016666666666666666,
      "Q_ratio": 0.1460476050543638,
      "canonical_hash": "86ce136220f97ba6e2ccd155fb6884d862262f55a73c3c7c6052dc452298b100",
      "exact_like_signature": false,
      "false_like_signature": true,
      "h_min": 12,
      "kappa_max": 0.9166666666666666,
      "kappa_q90": 0.7317073170731707,
      "kappa_q99": 0.8064516129032258,
      "lambda": 144,
      "max_abs_rho": 3,
      "orbit_normalized_pattern": "1=-1;2=-1;3=-1;4=1;5=-1;6=-3;9=1;12=-1;14=2;15=-1;16=1;17=-1;20=1;21=-1;22=1;23=1;26=-1;27=-1;28=-1;29=-1;30=-2;32=1;33=1;36=-1;37=-1;38=-1;39=1;40=-1;41=-1;43=1;45=-1;46=1;47=1;49=1;50=1;51=1;54=1;56=1;57=2;58=2;62=-1;63=2;65=1;67=2;68=1;70=-2;72=-2;76=1;80=-1;82=-1",
      "rho_value_pattern": "+pairs21_ -pairs20_ other9",
      "score": 164,
      "score_per_p": 0.9820359281437125,
      "seed": 4,
      "source_file": "outputs/candidates/near_hits/near_hit_v167_score164_52_escapability_aware_guided_search_score_only_seed4_step3645.json",
      "source_method": "escapability_aware",
      "support_fraction": 0.6024096385542169,
      "support_pair_count": 50,
      "tuple": "73,78,79,81"
    },
    {
      "D_min_ratio": 1.024390243902439,
      "InitHardness": -21042.690909091383,
      "P_16": 0.016666666666666666,
      "P_32": 0.10833333333333334,
      "P_4": 0.016666666666666666,
      "P_8": 0.016666666666666666,
      "P_<0": 0.0,
      "P_thetaS_001": 0.0,
      "P_thetaS_005": 0.016666666666666666,
      "P_thetaS_010": 0.016666666666666666,
      "Q_ratio": 0.15045548045841906,
      "canonical_hash": "63baaa414b8bbb57082a647457ce3b439cf6d0aae22d399eb27b3ab88285c2a6",
      "exact_like_signature": false,
      "false_like_signature": true,
      "h_min": 4,
      "kappa_max": 0.9696969696969697,
      "kappa_q90": 0.75,
      "kappa_q99": 0.8095238095238095,
      "lambda": 144,
      "max_abs_rho": 3,
      "orbit_normalized_pattern": "1=-1;2=-1;3=-1;4=-1;5=1;6=-1;11=1;12=1;13=-1;14=1;15=-1;17=-1;18=-1;19=1;21=1;22=3;24=-1;25=1;27=2;29=1;30=-1;34=2;39=1;40=-1;44=-1;45=1;46=1;47=1;49=1;50=1;53=1;54=-3;56=2;58=1;59=-2;62=-1;64=-1;66=-1;67=-1;68=-2;69=1;70=-1;72=-1;73=1;75=1;76=1;78=-2;83=-1",
      "rho_value_pattern": "+pairs20_ -pairs20_ other8",
      "score": 164,
      "score_per_p": 0.9820359281437125,
      "seed": null,
      "source_file": "outputs/candidates/near_hits/frontier/near_hit_v167_score164_ilp_repair_from_near_hit_round1.json",
      "source_method": "ilp",
      "support_fraction": 0.5783132530120482,
      "support_pair_count": 48,
      "tuple": "73,78,79,81"
    },
    {
      "D_min_ratio": 0.9545454545454546,
      "InitHardness": -20498.690909091383,
      "P_16": 0.03333333333333333,
      "P_32": 0.275,
      "P_4": 0.008333333333333333,
      "P_8": 0.016666666666666666,
      "P_<0": 0.008333333333333333,
      "P_thetaS_001": 0.008333333333333333,
      "P_thetaS_005": 0.016666666666666666,
      "P_thetaS_010": 0.03333333333333333,
      "Q_ratio": 0.1484460569550931,
      "canonical_hash": "1875023e85a7be3ca30ce3fd921f249bdea36cddf85eabc16ca5a93d39afb608",
      "exact_like_signature": true,
      "false_like_signature": false,
      "h_min": -8,
      "kappa_max": 1.0606060606060606,
      "kappa_q90": 0.8461538461538461,
      "kappa_q99": 0.8787878787878788,
      "lambda": 144,
      "max_abs_rho": 3,
      "orbit_normalized_pattern": "1=-1;2=-1;3=-1;4=-1;5=1;6=-1;7=1;8=-1;9=1;10=1;12=-1;14=2;15=2;16=1;17=1;18=-1;20=-1;23=-1;25=-2;26=-1;27=1;29=-1;31=1;34=-1;38=1;40=-1;42=-2;43=1;44=1;45=1;46=-1;48=-1;49=-2;50=-1;52=1;54=1;57=1;59=2;61=-1;62=2;65=1;67=-2;68=-2;74=2;76=-1;77=-1;79=-1;80=1;82=3;83=1",
      "rho_value_pattern": "+pairs21_ -pairs18_ other11",
      "score": 176,
      "score_per_p": 1.0538922155688624,
      "seed": null,
      "source_file": "outputs/candidates/near_hits/near_hit_v167_score176_coherent_multiswap_escape_score164_17.json",
      "source_method": "coherent_multiswap",
      "support_fraction": 0.6024096385542169,
      "support_pair_count": 50,
      "tuple": "73,78,79,81"
    },
    {
      "D_min_ratio": 1.0681818181818181,
      "InitHardness": -19242.690909091383,
      "P_16": 0.041666666666666664,
      "P_32": 0.225,
      "P_4": 0.0,
      "P_8": 0.0,
      "P_<0": 0.0,
      "P_thetaS_001": 0.0,
      "P_thetaS_005": 0.0,
      "P_thetaS_010": 0.041666666666666664,
      "Q_ratio": 0.14002601314348304,
      "canonical_hash": "bcb0f72c32e163c99c4ce571f5aeb15d20fe807c9badbf903cad8e5147110e28",
      "exact_like_signature": false,
      "false_like_signature": true,
      "h_min": 12,
      "kappa_max": 0.90625,
      "kappa_q90": 0.8125,
      "kappa_q99": 0.8888888888888888,
      "lambda": 144,
      "max_abs_rho": 3,
      "orbit_normalized_pattern": "1=-1;2=-1;3=-1;5=1;6=-1;7=-1;10=-1;11=2;12=-1;13=-1;16=1;17=-1;19=2;22=2;23=-1;24=1;26=-1;28=2;29=-2;30=1;33=-1;35=1;38=2;40=1;41=1;43=1;44=-1;45=1;48=-3;49=-1;50=-2;52=-1;53=1;55=1;56=-2;57=1;58=-1;60=1;61=-1;62=-1;65=1;67=1;68=1;73=2;74=1;75=1;76=-2;77=-1;82=-1;83=1",
      "rho_value_pattern": "+pairs20_ -pairs19_ other11",
      "score": 176,
      "score_per_p": 1.0538922155688624,
      "seed": null,
      "source_file": "outputs/candidates/near_hits/near_hit_v167_score176_coherent_multiswap_escape_score176_104.json",
      "source_method": "coherent_multiswap",
      "support_fraction": 0.6024096385542169,
      "support_pair_count": 50,
      "tuple": "73,78,79,81"
    },
    {
      "D_min_ratio": 0.9318181818181818,
      "InitHardness": -15314.690909091383,
      "P_16": 0.1,
      "P_32": 0.38333333333333336,
      "P_4": 0.03333333333333333,
      "P_8": 0.041666666666666664,
      "P_<0": 0.008333333333333333,
      "P_thetaS_001": 0.03333333333333333,
      "P_thetaS_005": 0.041666666666666664,
      "P_thetaS_010": 0.1,
      "Q_ratio": 0.15080777656078861,
      "canonical_hash": "8ae7be4ef557a7143601c9dcefd8004ba1520f45fc6542b13b89b3912df94a05",
      "exact_like_signature": true,
      "false_like_signature": false,
      "h_min": -12,
      "kappa_max": 1.0833333333333333,
      "kappa_q90": 0.8611111111111112,
      "kappa_q99": 1.0,
      "lambda": 144,
      "max_abs_rho": 3,